{"cameraMode":{"drawMode":0,"name":"Shaded","section":"Shading Mode"},"sceneLighting":false,"audioPlay":false,"sceneViewState":{"showFog":true,"showMaterialUpdate":false,"showSkybox":false,"showFlares":true,"showImageEffects":true,"showParticleSystems":true,"showVisualEffectGraphs":true,"m_FxEnabled":true},"in2DMode":false,"pivot":{"x":0.7558290958404541,"y":0.3595181107521057,"z":10.000000953674317},"rotation":{"x":0.0048095160163939,"y":-0.0015047003980726004,"z":0.000007210830972326221,"w":0.9999890327453613},"size":3.710045099258423,"orthographic":false}