{"cameraMode":{"drawMode":0,"name":"Shaded","section":"Shading Mode"},"sceneLighting":true,"audioPlay":false,"sceneViewState":{"showFog":true,"showMaterialUpdate":false,"showSkybox":true,"showFlares":true,"showImageEffects":true,"showParticleSystems":true,"showVisualEffectGraphs":true,"m_FxEnabled":true},"in2DMode":false,"pivot":{"x":-2.439283609390259,"y":-4.817043781280518,"z":48.841548919677737},"rotation":{"x":0.0048095160163939,"y":-0.0015047003980726004,"z":0.000007210830972326221,"w":0.9999890327453613},"size":29.040695190429689,"orthographic":false}