{"cameraMode":{"drawMode":0,"name":"Shaded","section":"Shading Mode"},"sceneLighting":false,"audioPlay":false,"sceneViewState":{"showFog":true,"showMaterialUpdate":false,"showSkybox":false,"showFlares":true,"showImageEffects":true,"showParticleSystems":true,"showVisualEffectGraphs":true,"m_FxEnabled":true},"in2DMode":false,"pivot":{"x":-0.00008243322372436523,"y":0.49878689646720889,"z":0.00015336275100708008},"rotation":{"x":-0.040798332542181018,"y":0.0005965667660348117,"z":-0.00002469346327416133,"w":-0.9991711378097534},"size":0.8596596121788025,"orthographic":false}