{"cameraMode":{"drawMode":0,"name":"Shaded","section":"Shading Mode"},"sceneLighting":false,"audioPlay":false,"sceneViewState":{"showFog":true,"showMaterialUpdate":false,"showSkybox":false,"showFlares":true,"showImageEffects":true,"showParticleSystems":true,"showVisualEffectGraphs":true,"m_FxEnabled":true},"in2DMode":false,"pivot":{"x":-1.2508952617645264,"y":4.889327049255371,"z":11.871929168701172},"rotation":{"x":0.10748227685689926,"y":0.0035762458574026825,"z":0.00038661467260681093,"w":-0.9942057728767395},"size":8.575075149536133,"orthographic":false}